2,54AEE2EC
1,54AEE5EC
1,54AEE6EC
1,54AED3EC
1,54BEE4EC
1,54BEE2EC
1,54BEE3EC
2,54BEM1EC
1,55BEE5EC
2,54BEE1EC
1,54BEE6EC
1,54DEE3EC
1,54DEE6EC
2,54DEE2EC
2,54DEE1EC
1,54DEE4EC
1,54DEE5EC
1,54EEE5EC
2,54EEE1EC
2,54EEE2EC
1,54EEE3EC
1,54EED4EC
1,43GU01ES
1,43GU02ES
1,43GU03ES
2,43GU11ES
2,43GU12ES
1,43GU13ES
1,43GU21ES
1,43GU22ES
1,43GU23ES
1,43HU01ES
1,43HU01ES
1,43HU02ES
2,43HU11ES
1,43HU13ES
1,43HU14ES
1,43HU22ES
1,43HU23ES
1,43HU21ES
3,43ME11MC
3,44ME12MC
3,43ME13MC
3,43ME22MC
3,43ME43MC
3,43ME44MC
3,43ME45MC
3,43ME46MC
3,43ME41MC
3,43ME27MC
3,43NE61MC
3,43NE63MC
3,43NE64MC
3,43ME65MC
3,43NE62MC
3,44NE06MC
3,78NE03AN
3,43NE07MC
3,43NE08MC
3,43NE09MC
3,43NE10MC
3,43NE11MC
3,43NE12MC
4,43PE02E1
4,43PE03E1
4,43PE04E1
4,43PE05E1
4,43PE05E1
4,43PE06E1
4,43QE2043
4,43PE30E1
4,43PU05E1
4,43PE08E1
4, 43PE10E1
4, 43PE11E1
4, 43PE12E1
4, 43PE09E1
4,43QE1343
4,43QE1443
4,43QE1543
4,43QE1643
4,43QE1843
4,43QE1943
4,43QE2243
4,43QE2143
4,43QE24E1
4,43QE25E1
4,43QE26E1
4,43QE27E1
4,43QE29E1
5,43U2DE53
6,43IF5044
6,43IF5073
6,43IF5084
